Open Timestamp,Open,High,Low,Close
2012.01.03 00:00:00,1.29357,1.3076,1.29343,1.30528
2012.01.04 00:00:00,1.30528,1.30718,1.28967,1.29295
2012.01.05 00:00:00,1.29295,1.29427,1.27688,1.27905
2012.01.06 00:00:00,1.27905,1.28116,1.26961,1.27136
2012.01.08 00:00:00,1.27136,1.27136,1.26649,1.26778
2012.01.09 00:00:00,1.26778,1.27843,1.26762,1.27712
2012.01.10 00:00:00,1.27712,1.28172,1.27415,1.2752
2012.01.11 00:00:00,1.2752,1.27892,1.26606,1.27204
2012.01.12 00:00:00,1.27204,1.28439,1.2698,1.28191
2012.01.13 00:00:00,1.28191,1.28772,1.26229,1.26742
2012.01.15 00:00:00,1.26742,1.26742,1.26314,1.26464
2012.01.16 00:00:00,1.26464,1.26865,1.26248,1.26648
2012.01.17 00:00:00,1.26648,1.28082,1.26634,1.27453
2012.01.18 00:00:00,1.27453,1.28668,1.2733,1.28627
2012.01.19 00:00:00,1.28627,1.29711,1.28381,1.296
2012.01.20 00:00:00,1.296,1.29853,1.28859,1.29273
2012.01.22 00:00:00,1.29273,1.29273,1.28743,1.28855
2012.01.23 00:00:00,1.28855,1.30515,1.28817,1.30237
2012.01.24 00:00:00,1.30237,1.30617,1.29523,1.30338
2012.01.25 00:00:00,1.30338,1.31194,1.29299,1.31051
2012.01.26 00:00:00,1.31051,1.3183,1.3087,1.3087
2012.01.27 00:00:00,1.3087,1.32327,1.30765,1.32119
2012.01.29 00:00:00,1.32119,1.32234,1.32046,1.32058
2012.01.30 00:00:00,1.32058,1.32096,1.30757,1.3137
2012.01.31 00:00:00,1.3137,1.3213,1.30409,1.30746
2012.02.01 00:00:00,1.30746,1.32175,1.3025,1.31684
2012.02.02 00:00:00,1.31684,1.31956,1.30843,1.31349
2012.02.03 00:00:00,1.31349,1.32046,1.30651,1.31484
2012.02.05 00:00:00,1.31484,1.31484,1.31106,1.3123
2012.02.06 00:00:00,1.3123,1.31403,1.30265,1.3117
2012.02.07 00:00:00,1.3117,1.32692,1.3088,1.32466
2012.02.08 00:00:00,1.32466,1.32873,1.3213,1.32462
2012.02.09 00:00:00,1.32462,1.33212,1.32255,1.32745
2012.02.10 00:00:00,1.32745,1.32898,1.31546,1.31961
2012.02.12 00:00:00,1.31961,1.32601,1.31961,1.32386
2012.02.13 00:00:00,1.32386,1.3283,1.31442,1.31532
2012.02.14 00:00:00,1.31532,1.32148,1.3079,1.31273
2012.02.15 00:00:00,1.31273,1.31896,1.30428,1.30541
2012.02.16 00:00:00,1.30541,1.3158,1.29732,1.31261
2012.02.17 00:00:00,1.31261,1.31966,1.31141,1.31405
2012.02.19 00:00:00,1.31405,1.3236,1.31405,1.32224
2012.02.20 00:00:00,1.32224,1.32757,1.31811,1.32064
2012.02.21 00:00:00,1.32064,1.32921,1.31856,1.32474
2012.02.22 00:00:00,1.32474,1.32659,1.321,1.32543
2012.02.23 00:00:00,1.32543,1.33773,1.32302,1.33729
2012.02.24 00:00:00,1.33729,1.34853,1.3356,1.34459
2012.02.26 00:00:00,1.34459,1.34775,1.34459,1.34662
2012.02.27 00:00:00,1.34662,1.3467,1.33651,1.34064
2012.02.28 00:00:00,1.34064,1.34786,1.3388,1.34775
2012.02.29 00:00:00,1.34775,1.34844,1.33136,1.33231
2012.03.01 00:00:00,1.33231,1.33552,1.3281,1.33256
2012.03.02 00:00:00,1.33256,1.33315,1.3186,1.31982
2012.03.04 00:00:00,1.31982,1.32041,1.31817,1.31843
2012.03.05 00:00:00,1.31843,1.32407,1.31592,1.32222
2012.03.06 00:00:00,1.32222,1.32246,1.31021,1.31186
2012.03.07 00:00:00,1.31186,1.3163,1.30953,1.31396
2012.03.08 00:00:00,1.31396,1.329,1.31341,1.32703
2012.03.09 00:00:00,1.32703,1.32711,1.30957,1.31164
2012.03.11 00:00:00,1.31164,1.31235,1.31014,1.31209
2012.03.12 00:00:00,1.31209,1.31714,1.30776,1.31686
2012.03.13 00:00:00,1.31686,1.31901,1.30507,1.30779
2012.03.14 00:00:00,1.30779,1.30891,1.30098,1.30193
2012.03.15 00:00:00,1.30193,1.31183,1.30027,1.30755
2012.03.16 00:00:00,1.30755,1.3186,1.30479,1.31702
2012.03.18 00:00:00,1.31702,1.31855,1.31702,1.31751
2012.03.19 00:00:00,1.31751,1.32641,1.31407,1.3228
2012.03.20 00:00:00,1.3228,1.3251,1.31713,1.3237
2012.03.21 00:00:00,1.3237,1.3284,1.31776,1.32163
2012.03.22 00:00:00,1.32163,1.32535,1.31323,1.32034
2012.03.23 00:00:00,1.32034,1.32924,1.31889,1.32658
2012.03.25 00:00:00,1.32658,1.32835,1.32633,1.32825
2012.03.26 00:00:00,1.32825,1.33667,1.31908,1.3356
2012.03.27 00:00:00,1.3356,1.33844,1.3311,1.33279
2012.03.28 00:00:00,1.33279,1.33726,1.32762,1.33245
2012.03.29 00:00:00,1.33245,1.3345,1.32506,1.33129
2012.03.30 00:00:00,1.33129,1.33755,1.33083,1.33387
2012.04.01 00:00:00,1.33387,1.33751,1.33387,1.33553
2012.04.02 00:00:00,1.33553,1.33794,1.32771,1.33285
2012.04.03 00:00:00,1.33285,1.33664,1.3212,1.32212
2012.04.04 00:00:00,1.32212,1.32321,1.31057,1.31426
2012.04.05 00:00:00,1.31426,1.31632,1.30339,1.30613
2012.04.06 00:00:00,1.30613,1.31115,1.30459,1.30902
2012.04.08 00:00:00,1.30902,1.31032,1.3065,1.30841
2012.04.09 00:00:00,1.30841,1.31327,1.30315,1.31077
2012.04.10 00:00:00,1.31077,1.31432,1.30531,1.30704
2012.04.11 00:00:00,1.30704,1.3156,1.3065,1.31176
2012.04.12 00:00:00,1.31176,1.32116,1.31009,1.31873
2012.04.13 00:00:00,1.31873,1.32001,1.30683,1.30728
2012.04.15 00:00:00,1.30728,1.30742,1.30396,1.30424
2012.04.16 00:00:00,1.30424,1.31467,1.29937,1.31249
2012.04.17 00:00:00,1.31249,1.31714,1.30893,1.31339
2012.04.18 00:00:00,1.31339,1.31402,1.3057,1.3116
2012.04.19 00:00:00,1.3116,1.31647,1.30684,1.3142
2012.04.20 00:00:00,1.3142,1.32269,1.31273,1.32044
2012.04.22 00:00:00,1.32044,1.32073,1.31814,1.32062
2012.04.23 00:00:00,1.32062,1.32091,1.31034,1.31483
2012.04.24 00:00:00,1.31483,1.32169,1.3144,1.31945
2012.04.25 00:00:00,1.31945,1.32353,1.31724,1.323
2012.04.26 00:00:00,1.323,1.32618,1.31757,1.31908
2012.04.27 00:00:00,1.31908,1.3269,1.31561,1.32485
2012.04.29 00:00:00,1.32485,1.32485,1.32294,1.32384
2012.04.30 00:00:00,1.32384,1.32657,1.32069,1.32377
2012.05.01 00:00:00,1.32377,1.32833,1.32033,1.32369
2012.05.02 00:00:00,1.32369,1.32398,1.31209,1.31466
2012.05.03 00:00:00,1.31466,1.31791,1.30944,1.31533
2012.05.04 00:00:00,1.31533,1.31773,1.30778,1.30779
2012.05.06 00:00:00,1.30779,1.30779,1.29537,1.29605
2012.05.07 00:00:00,1.29605,1.30646,1.29603,1.30578
2012.05.08 00:00:00,1.30578,1.30589,1.29814,1.29917
2012.05.09 00:00:00,1.29917,1.30029,1.29103,1.29332
2012.05.10 00:00:00,1.29332,1.29781,1.29234,1.29319
2012.05.11 00:00:00,1.29319,1.29563,1.2904,1.29106
2012.05.13 00:00:00,1.29106,1.29106,1.28804,1.28962
2012.05.14 00:00:00,1.28962,1.29031,1.28142,1.28289
2012.05.15 00:00:00,1.28289,1.28679,1.27206,1.27337
2012.05.16 00:00:00,1.27337,1.27579,1.26803,1.27311
2012.05.17 00:00:00,1.27311,1.27482,1.26606,1.26969
2012.05.18 00:00:00,1.26969,1.27931,1.26412,1.27779
2012.05.20 00:00:00,1.27779,1.27825,1.27472,1.27704
2012.05.21 00:00:00,1.27704,1.28232,1.27242,1.28112
2012.05.22 00:00:00,1.28112,1.28133,1.26507,1.26597
2012.05.23 00:00:00,1.26597,1.26863,1.25442,1.25599
2012.05.24 00:00:00,1.25599,1.26187,1.25146,1.25342
2012.05.25 00:00:00,1.25342,1.26016,1.24948,1.25139
2012.05.27 00:00:00,1.25139,1.25781,1.25139,1.2565
2012.05.28 00:00:00,1.2565,1.26234,1.25154,1.25205
2012.05.29 00:00:00,1.25205,1.25737,1.24598,1.24764
2012.05.30 00:00:00,1.24764,1.24858,1.23599,1.23723
2012.05.31 00:00:00,1.23723,1.24274,1.23353,1.23611
2012.06.01 00:00:00,1.23611,1.2459,1.22866,1.24307
2012.06.03 00:00:00,1.24307,1.24412,1.23946,1.23974
2012.06.04 00:00:00,1.23974,1.25265,1.23846,1.25252
2012.06.05 00:00:00,1.25252,1.25413,1.24086,1.24603
2012.06.06 00:00:00,1.24603,1.25844,1.244,1.25747
2012.06.07 00:00:00,1.25747,1.26244,1.25391,1.25663
2012.06.08 00:00:00,1.25663,1.25704,1.24341,1.25134
2012.06.10 00:00:00,1.25134,1.26671,1.25134,1.26431
2012.06.11 00:00:00,1.26431,1.2646,1.24465,1.24764
2012.06.12 00:00:00,1.24764,1.25281,1.24414,1.24997
2012.06.13 00:00:00,1.24997,1.26096,1.24723,1.25734
2012.06.14 00:00:00,1.25734,1.26359,1.2541,1.2625
2012.06.15 00:00:00,1.2625,1.26638,1.25909,1.2633
2012.06.17 00:00:00,1.2633,1.27463,1.2633,1.2703
2012.06.18 00:00:00,1.2703,1.27263,1.25561,1.25952
2012.06.19 00:00:00,1.25952,1.27295,1.25675,1.2678
2012.06.20 00:00:00,1.2678,1.27421,1.26358,1.26796
2012.06.21 00:00:00,1.26796,1.26979,1.25303,1.25487
2012.06.22 00:00:00,1.25487,1.25824,1.25183,1.25663
2012.06.24 00:00:00,1.25663,1.25663,1.25338,1.25366
2012.06.25 00:00:00,1.25366,1.25437,1.247,1.25014
2012.06.26 00:00:00,1.25014,1.25295,1.24408,1.24839
2012.06.27 00:00:00,1.24839,1.25071,1.24443,1.24686
2012.06.28 00:00:00,1.24686,1.25231,1.24062,1.24399
2012.06.29 00:00:00,1.24399,1.26916,1.24316,1.26536
2012.07.01 00:00:00,1.26536,1.26769,1.26493,1.26535
2012.07.02 00:00:00,1.26535,1.26665,1.2567,1.25786
2012.07.03 00:00:00,1.25786,1.26262,1.25581,1.26036
2012.07.04 00:00:00,1.26036,1.2606,1.25069,1.25144
2012.07.05 00:00:00,1.25144,1.25375,1.23627,1.23912
2012.07.06 00:00:00,1.23912,1.24002,1.2259,1.22841
2012.07.08 00:00:00,1.22841,1.22841,1.22546,1.22691
2012.07.09 00:00:00,1.22691,1.23231,1.2268,1.23164
2012.07.10 00:00:00,1.23164,1.23326,1.2234,1.22539
2012.07.11 00:00:00,1.22539,1.22957,1.22116,1.22436
2012.07.12 00:00:00,1.22436,1.22439,1.21656,1.21871
2012.07.13 00:00:00,1.21871,1.22555,1.21611,1.2243
2012.07.15 00:00:00,1.2243,1.22694,1.2243,1.2246
2012.07.16 00:00:00,1.2246,1.22897,1.21744,1.22645
2012.07.17 00:00:00,1.22645,1.23158,1.21878,1.22942
2012.07.18 00:00:00,1.22942,1.23052,1.22158,1.22757
2012.07.19 00:00:00,1.22757,1.23234,1.2228,1.22751
2012.07.20 00:00:00,1.22751,1.22818,1.21432,1.21501
2012.07.22 00:00:00,1.21501,1.21501,1.21106,1.21262
2012.07.23 00:00:00,1.21262,1.21436,1.2066,1.21228
2012.07.24 00:00:00,1.21228,1.2137,1.20411,1.20606
2012.07.25 00:00:00,1.20606,1.21692,1.20524,1.21378
2012.07.26 00:00:00,1.21378,1.23283,1.21164,1.22764
2012.07.27 00:00:00,1.22764,1.23889,1.22405,1.23146
2012.07.29 00:00:00,1.23146,1.23146,1.22928,1.23013
2012.07.30 00:00:00,1.23013,1.23045,1.22241,1.22587
2012.07.31 00:00:00,1.22587,1.23291,1.22476,1.2291
2012.08.01 00:00:00,1.2291,1.23353,1.2217,1.22379
2012.08.02 00:00:00,1.22379,1.2404,1.21326,1.21772
2012.08.03 00:00:00,1.21772,1.23912,1.21657,1.23837
2012.08.05 00:00:00,1.23837,1.2442,1.2382,1.24258
2012.08.06 00:00:00,1.24258,1.24283,1.23405,1.23871
2012.08.07 00:00:00,1.23871,1.24408,1.23748,1.23832
2012.08.08 00:00:00,1.23832,1.24011,1.23256,1.23708
2012.08.09 00:00:00,1.23708,1.23863,1.22657,1.22917
2012.08.10 00:00:00,1.22917,1.23157,1.22403,1.2286
2012.08.12 00:00:00,1.2286,1.22902,1.22738,1.22741
2012.08.13 00:00:00,1.22741,1.23724,1.22597,1.23252
2012.08.14 00:00:00,1.23252,1.23845,1.23153,1.23226
2012.08.15 00:00:00,1.23226,1.23423,1.2263,1.22877
2012.08.16 00:00:00,1.22877,1.23716,1.22547,1.23558
2012.08.17 00:00:00,1.23558,1.23809,1.22877,1.23289
2012.08.19 00:00:00,1.23289,1.23485,1.23275,1.23308
2012.08.20 00:00:00,1.23308,1.23678,1.22942,1.23497
2012.08.21 00:00:00,1.23497,1.24864,1.23452,1.24752
2012.08.22 00:00:00,1.24752,1.2543,1.24301,1.25327
2012.08.23 00:00:00,1.25327,1.25883,1.25232,1.25585
2012.08.24 00:00:00,1.25585,1.25654,1.24803,1.25104
2012.08.26 00:00:00,1.25104,1.25228,1.25029,1.25043
2012.08.27 00:00:00,1.25043,1.25347,1.2489,1.24998
2012.08.28 00:00:00,1.24998,1.25754,1.24642,1.25694
2012.08.29 00:00:00,1.25694,1.25722,1.25175,1.25291
2012.08.30 00:00:00,1.25291,1.2563,1.24861,1.25082
2012.08.31 00:00:00,1.25082,1.26363,1.24924,1.25663
2012.09.02 00:00:00,1.25663,1.25851,1.25591,1.25722
2012.09.03 00:00:00,1.25722,1.26099,1.2559,1.25851
2012.09.04 00:00:00,1.25851,1.26266,1.25246,1.25326
2012.09.05 00:00:00,1.25326,1.26234,1.25005,1.25991
2012.09.06 00:00:00,1.25991,1.26504,1.25602,1.26297
2012.09.07 00:00:00,1.26297,1.28157,1.2625,1.28154
2012.09.09 00:00:00,1.28154,1.28154,1.279,1.27943
2012.09.10 00:00:00,1.27943,1.28025,1.27535,1.27604
2012.09.11 00:00:00,1.27604,1.28703,1.27575,1.28501
2012.09.12 00:00:00,1.28501,1.29355,1.28137,1.29009
2012.09.13 00:00:00,1.29009,1.3001,1.2854,1.29916
2012.09.14 00:00:00,1.29916,1.31676,1.29836,1.31286
2012.09.16 00:00:00,1.31286,1.31325,1.31077,1.31126
2012.09.17 00:00:00,1.31126,1.31708,1.30823,1.31067
2012.09.18 00:00:00,1.31067,1.31137,1.30282,1.3045
2012.09.19 00:00:00,1.3045,1.30838,1.29921,1.30561
2012.09.20 00:00:00,1.30561,1.30579,1.29183,1.29723
2012.09.21 00:00:00,1.29723,1.30466,1.29543,1.29784
2012.09.23 00:00:00,1.29784,1.29881,1.29644,1.29657
2012.09.24 00:00:00,1.29657,1.29786,1.28897,1.29396
2012.09.25 00:00:00,1.29396,1.29696,1.28848,1.28973
2012.09.26 00:00:00,1.28973,1.29115,1.28341,1.28768
2012.09.27 00:00:00,1.28768,1.29273,1.28274,1.29109
2012.09.28 00:00:00,1.29109,1.29587,1.28376,1.28551
2012.09.30 00:00:00,1.28551,1.28551,1.28026,1.28058
2012.10.01 00:00:00,1.28058,1.29379,1.28038,1.2887
2012.10.02 00:00:00,1.2887,1.29668,1.28793,1.29101
2012.10.03 00:00:00,1.29101,1.2936,1.28765,1.29217
2012.10.04 00:00:00,1.29217,1.30305,1.2909,1.30115
2012.10.05 00:00:00,1.30115,1.30704,1.29929,1.3032
2012.10.07 00:00:00,1.3032,1.3032,1.30106,1.30139
2012.10.08 00:00:00,1.30139,1.30148,1.29364,1.29738
2012.10.09 00:00:00,1.29738,1.29901,1.28488,1.28578
2012.10.10 00:00:00,1.28578,1.29124,1.2834,1.2858
2012.10.11 00:00:00,1.2858,1.29507,1.28241,1.29306
2012.10.12 00:00:00,1.29306,1.29906,1.29212,1.29527
2012.10.14 00:00:00,1.29527,1.29593,1.29294,1.2933
2012.10.15 00:00:00,1.2933,1.29777,1.28895,1.29661
2012.10.16 00:00:00,1.29661,1.3123,1.29522,1.31045
2012.10.17 00:00:00,1.31045,1.31384,1.30844,1.3111
2012.10.18 00:00:00,1.3111,1.31276,1.30548,1.30672
2012.10.19 00:00:00,1.30672,1.30757,1.3012,1.30207
2012.10.21 00:00:00,1.30207,1.30283,1.30141,1.30204
2012.10.22 00:00:00,1.30204,1.30823,1.30189,1.30692
2012.10.23 00:00:00,1.30692,1.30692,1.29508,1.29724
2012.10.24 00:00:00,1.29724,1.29955,1.29191,1.29633
2012.10.25 00:00:00,1.29633,1.30219,1.29258,1.29375
2012.10.26 00:00:00,1.29375,1.2955,1.28813,1.29394
2012.10.28 00:00:00,1.29394,1.29445,1.29176,1.29208
2012.10.29 00:00:00,1.29208,1.2935,1.2884,1.29056
2012.10.30 00:00:00,1.29056,1.29825,1.2885,1.29599
2012.10.31 00:00:00,1.29599,1.30193,1.29454,1.29633
2012.11.01 00:00:00,1.29633,1.29814,1.29237,1.29454
2012.11.02 00:00:00,1.29454,1.29454,1.28201,1.28371
2012.11.04 00:00:00,1.28371,1.28371,1.28145,1.28213
2012.11.05 00:00:00,1.28213,1.28413,1.27662,1.27986
2012.11.06 00:00:00,1.27986,1.28254,1.27623,1.28045
2012.11.07 00:00:00,1.28045,1.28752,1.27352,1.2755
2012.11.08 00:00:00,1.2755,1.27753,1.27159,1.27402
2012.11.09 00:00:00,1.27402,1.27889,1.26887,1.27134
2012.11.11 00:00:00,1.27134,1.27354,1.27044,1.27194
2012.11.12 00:00:00,1.27194,1.27382,1.26964,1.27047
2012.11.13 00:00:00,1.27047,1.27273,1.26591,1.27083
2012.11.14 00:00:00,1.27083,1.2778,1.27021,1.27284
2012.11.15 00:00:00,1.27284,1.2801,1.27162,1.27801
2012.11.16 00:00:00,1.27801,1.27831,1.2689,1.27412
2012.11.18 00:00:00,1.27412,1.27598,1.27385,1.27573
2012.11.19 00:00:00,1.27573,1.28197,1.27446,1.27657
2012.11.20 00:00:00,1.27657,1.28284,1.27637,1.28114
2012.11.21 00:00:00,1.28114,1.2867,1.27352,1.2863
2012.11.22 00:00:00,1.2863,1.28977,1.28329,1.28732
2012.11.23 00:00:00,1.28732,1.29898,1.28672,1.29755
2012.11.25 00:00:00,1.29755,1.29765,1.29624,1.29716
2012.11.26 00:00:00,1.29716,1.30057,1.2943,1.29873
2012.11.27 00:00:00,1.29873,1.30076,1.29143,1.29364
2012.11.28 00:00:00,1.29364,1.29597,1.28788,1.29493
2012.11.29 00:00:00,1.29493,1.30132,1.29379,1.29708
2012.11.30 00:00:00,1.29708,1.30267,1.2967,1.29843
2012.12.02 00:00:00,1.29843,1.29969,1.298,1.29945
2012.12.03 00:00:00,1.29945,1.30748,1.29922,1.30625
2012.12.04 00:00:00,1.30625,1.31072,1.30449,1.30979
2012.12.05 00:00:00,1.30979,1.31256,1.30591,1.30713
2012.12.06 00:00:00,1.30713,1.30855,1.29492,1.29604
2012.12.07 00:00:00,1.29604,1.29717,1.28751,1.2926
2012.12.09 00:00:00,1.2926,1.2926,1.28862,1.29051
2012.12.10 00:00:00,1.29051,1.29454,1.28847,1.29358
2012.12.11 00:00:00,1.29358,1.30137,1.29277,1.30104
2012.12.12 00:00:00,1.30104,1.30964,1.29945,1.30641
2012.12.13 00:00:00,1.30641,1.30992,1.30397,1.30756
2012.12.14 00:00:00,1.30756,1.31722,1.30652,1.31601
2012.12.16 00:00:00,1.31601,1.3186,1.31601,1.31647
2012.12.17 00:00:00,1.31647,1.31779,1.3143,1.316
2012.12.18 00:00:00,1.316,1.32374,1.31553,1.32273
2012.12.19 00:00:00,1.32273,1.33072,1.31871,1.32118
2012.12.20 00:00:00,1.32118,1.32941,1.32022,1.3236
2012.12.21 00:00:00,1.3236,1.32369,1.31575,1.31853
2012.12.23 00:00:00,1.31853,1.31853,1.31663,1.31788
2012.12.24 00:00:00,1.31788,1.32326,1.31701,1.31751
2012.12.26 00:00:00,1.31751,1.3253,1.31721,1.32267
2012.12.27 00:00:00,1.32267,1.32825,1.32002,1.32468
2012.12.28 00:00:00,1.32468,1.32555,1.31646,1.32166
2012.12.30 00:00:00,1.32166,1.32309,1.32052,1.32247
2012.12.31 00:00:00,1.32247,1.32336,1.3171,1.31837
2013.01.02 00:00:00,1.31837,1.32924,1.31552,1.31822
2013.01.03 00:00:00,1.31822,1.3188,1.30213,1.30234
2013.01.04 00:00:00,1.30234,1.30886,1.29963,1.30668
2013.01.06 00:00:00,1.30668,1.30783,1.30642,1.30667
2013.01.07 00:00:00,1.30667,1.31269,1.30157,1.31225
2013.01.08 00:00:00,1.31225,1.31387,1.30552,1.30817
2013.01.09 00:00:00,1.30817,1.30949,1.30358,1.30523
2013.01.10 00:00:00,1.30523,1.32784,1.30377,1.32716
2013.01.11 00:00:00,1.32716,1.33647,1.32472,1.33416
2013.01.13 00:00:00,1.33416,1.33679,1.33385,1.33569
2013.01.14 00:00:00,1.33569,1.34033,1.3335,1.3376
2013.01.15 00:00:00,1.3376,1.33927,1.32623,1.33082
2013.01.16 00:00:00,1.33082,1.33238,1.32552,1.32837
2013.01.17 00:00:00,1.32837,1.33863,1.32689,1.33729
2013.01.18 00:00:00,1.33729,1.33972,1.32793,1.33108
2013.01.20 00:00:00,1.33108,1.33224,1.33051,1.33168
2013.01.21 00:00:00,1.33168,1.33312,1.32989,1.33084
2013.01.22 00:00:00,1.33084,1.33705,1.32657,1.33115
2013.01.23 00:00:00,1.33115,1.33537,1.32632,1.33056
2013.01.24 00:00:00,1.33056,1.33916,1.3285,1.33666
2013.01.25 00:00:00,1.33666,1.34781,1.33487,1.34558
2013.01.27 00:00:00,1.34558,1.34699,1.34508,1.34635
2013.01.28 00:00:00,1.34635,1.34762,1.34234,1.3446
2013.01.29 00:00:00,1.3446,1.34964,1.34132,1.34867
2013.01.30 00:00:00,1.34867,1.35862,1.34809,1.35674
2013.01.31 00:00:00,1.35674,1.36168,1.35401,1.36107
2013.02.01 00:00:00,1.36107,1.37098,1.35851,1.36379
2013.02.03 00:00:00,1.36379,1.36587,1.36282,1.3644
2013.02.04 00:00:00,1.3644,1.36479,1.34974,1.35094
2013.02.05 00:00:00,1.35094,1.35964,1.34573,1.35814
2013.02.06 00:00:00,1.35814,1.35949,1.34923,1.35206
2013.02.07 00:00:00,1.35206,1.35766,1.33694,1.33816
2013.02.08 00:00:00,1.33816,1.34281,1.33522,1.33618
2013.02.10 00:00:00,1.33618,1.33772,1.33484,1.33652
2013.02.11 00:00:00,1.33652,1.34264,1.33559,1.34007
2013.02.12 00:00:00,1.34007,1.34745,1.33628,1.34512
2013.02.13 00:00:00,1.34512,1.35188,1.34251,1.34434
2013.02.14 00:00:00,1.34434,1.34546,1.33141,1.33487
2013.02.15 00:00:00,1.33487,1.33922,1.33053,1.33619
2013.02.17 00:00:00,1.33619,1.33619,1.33362,1.33382
2013.02.18 00:00:00,1.33382,1.33783,1.33204,1.33475
2013.02.19 00:00:00,1.33475,1.33952,1.33276,1.33938
2013.02.20 00:00:00,1.33938,1.34329,1.32697,1.32719
2013.02.21 00:00:00,1.32719,1.32882,1.31598,1.31909
2013.02.22 00:00:00,1.31909,1.32442,1.31439,1.31859
2013.02.24 00:00:00,1.31859,1.32284,1.31839,1.31899
2013.02.25 00:00:00,1.31899,1.33179,1.30466,1.3065
2013.02.26 00:00:00,1.3065,1.31219,1.30171,1.30663
2013.02.27 00:00:00,1.30663,1.31606,1.30403,1.31539
2013.02.28 00:00:00,1.31539,1.3157,1.30517,1.30591
2013.03.01 00:00:00,1.30591,1.30999,1.29653,1.30193
2013.03.03 00:00:00,1.30193,1.303,1.30026,1.30146
2013.03.04 00:00:00,1.30146,1.30398,1.29811,1.30338
2013.03.05 00:00:00,1.30338,1.30742,1.3009,1.30462
2013.03.06 00:00:00,1.30462,1.30694,1.29626,1.29768
2013.03.07 00:00:00,1.29768,1.31172,1.29737,1.31068
2013.03.08 00:00:00,1.31068,1.31334,1.29542,1.29991
2013.03.10 00:00:00,1.29991,1.30027,1.29782,1.29861
2013.03.11 00:00:00,1.29861,1.30526,1.29826,1.30313
2013.03.12 00:00:00,1.30313,1.30735,1.29899,1.30292
2013.03.13 00:00:00,1.30292,1.30637,1.29222,1.29581
2013.03.14 00:00:00,1.29581,1.30315,1.29102,1.30109
2013.03.15 00:00:00,1.30109,1.3106,1.30014,1.30734
2013.03.17 00:00:00,1.30734,1.30734,1.28872,1.28899
2013.03.18 00:00:00,1.28899,1.29947,1.28808,1.29425
2013.03.19 00:00:00,1.29425,1.29689,1.28423,1.28631
2013.03.20 00:00:00,1.28631,1.29772,1.28623,1.29381
2013.03.21 00:00:00,1.29381,1.29539,1.28786,1.29019
2013.03.22 00:00:00,1.29019,1.3009,1.2887,1.29881
2013.03.24 00:00:00,1.29881,1.30467,1.29404,1.30176
2013.03.25 00:00:00,1.30176,1.30471,1.28287,1.2856
2013.03.26 00:00:00,1.2856,1.28888,1.28267,1.28593
2013.03.27 00:00:00,1.28593,1.28658,1.27497,1.27734
2013.03.28 00:00:00,1.27734,1.28433,1.27541,1.28122
2013.03.29 00:00:00,1.28122,1.28359,1.27918,1.28144
2013.03.31 00:00:00,1.28144,1.28144,1.27991,1.28042
2013.04.01 00:00:00,1.28042,1.28671,1.27701,1.28474
2013.04.02 00:00:00,1.28474,1.28766,1.28079,1.2818
2013.04.03 00:00:00,1.2818,1.28633,1.27888,1.28479
2013.04.04 00:00:00,1.28479,1.29479,1.27438,1.29245
2013.04.05 00:00:00,1.29245,1.30387,1.28995,1.29961
2013.04.07 00:00:00,1.29961,1.3005,1.2963,1.29897
2013.04.08 00:00:00,1.29897,1.30368,1.29673,1.3028
2013.04.09 00:00:00,1.3028,1.31019,1.30039,1.30795
2013.04.10 00:00:00,1.30795,1.31208,1.30499,1.30509
2013.04.11 00:00:00,1.30509,1.31372,1.30427,1.3115
2013.04.12 00:00:00,1.3115,1.31254,1.30356,1.31067
2013.04.14 00:00:00,1.31067,1.31329,1.30946,1.30956
2013.04.15 00:00:00,1.30956,1.31065,1.30205,1.30518
2013.04.16 00:00:00,1.30518,1.32005,1.30269,1.31766
2013.04.17 00:00:00,1.31766,1.31986,1.30001,1.30325
2013.04.18 00:00:00,1.30325,1.30952,1.30198,1.30514
2013.04.19 00:00:00,1.30514,1.31278,1.30454,1.30516
2013.04.21 00:00:00,1.30516,1.30829,1.30516,1.30562
2013.04.22 00:00:00,1.30562,1.30829,1.30139,1.30583
2013.04.23 00:00:00,1.30583,1.30831,1.29718,1.2993
2013.04.24 00:00:00,1.2993,1.30331,1.29531,1.30146
2013.04.25 00:00:00,1.30146,1.30924,1.29877,1.30027
2013.04.26 00:00:00,1.30027,1.30466,1.29896,1.30272
2013.04.28 00:00:00,1.30272,1.30656,1.30178,1.30396
2013.04.29 00:00:00,1.30396,1.31154,1.30305,1.30933
2013.04.30 00:00:00,1.30933,1.31851,1.30526,1.31667
2013.05.01 00:00:00,1.31667,1.32418,1.31594,1.31783
2013.05.02 00:00:00,1.31783,1.32177,1.30363,1.30649
2013.05.03 00:00:00,1.30649,1.31586,1.30321,1.3113
2013.05.05 00:00:00,1.3113,1.31252,1.31076,1.31198
2013.05.06 00:00:00,1.31198,1.31399,1.30524,1.30714
2013.05.07 00:00:00,1.30714,1.31309,1.30667,1.30739
2013.05.08 00:00:00,1.30739,1.31934,1.30703,1.31591
2013.05.09 00:00:00,1.31591,1.3176,1.3009,1.30308
2013.05.10 00:00:00,1.30308,1.305,1.29342,1.29899
2013.05.12 00:00:00,1.29899,1.29899,1.29461,1.2966
2013.05.13 00:00:00,1.2966,1.29986,1.29403,1.29858
2013.05.14 00:00:00,1.29858,1.30282,1.29107,1.29353
2013.05.15 00:00:00,1.29353,1.29416,1.28423,1.28813
2013.05.16 00:00:00,1.28813,1.29291,1.28454,1.28818
2013.05.17 00:00:00,1.28818,1.2888,1.27953,1.28335
2013.05.19 00:00:00,1.28335,1.28472,1.28094,1.28298
2013.05.20 00:00:00,1.28298,1.29028,1.28183,1.28893
2013.05.21 00:00:00,1.28893,1.29324,1.284,1.29187
2013.05.22 00:00:00,1.29187,1.29971,1.28324,1.28411
2013.05.23 00:00:00,1.28411,1.29558,1.28204,1.29218
2013.05.24 00:00:00,1.29218,1.29924,1.29032,1.29332
2013.05.26 00:00:00,1.29332,1.29434,1.29231,1.29347
2013.05.27 00:00:00,1.29347,1.29476,1.29142,1.29329
2013.05.28 00:00:00,1.29329,1.29487,1.28404,1.28434
2013.05.29 00:00:00,1.28434,1.29766,1.28367,1.29454
2013.05.30 00:00:00,1.29454,1.30603,1.29323,1.30412
2013.05.31 00:00:00,1.30412,1.30476,1.29431,1.29945
2013.06.02 00:00:00,1.29945,1.29993,1.29768,1.29933
2013.06.03 00:00:00,1.29933,1.31069,1.29544,1.30693
2013.06.04 00:00:00,1.30693,1.31005,1.3041,1.30707
2013.06.05 00:00:00,1.30707,1.31151,1.30519,1.30856
2013.06.06 00:00:00,1.30856,1.3305,1.30741,1.32412
2013.06.07 00:00:00,1.32412,1.32836,1.31904,1.32117
2013.06.09 00:00:00,1.32117,1.3214,1.31823,1.32013
2013.06.10 00:00:00,1.32013,1.32681,1.31764,1.32517
2013.06.11 00:00:00,1.32517,1.33164,1.3231,1.33112
2013.06.12 00:00:00,1.33112,1.33584,1.32643,1.3343
2013.06.13 00:00:00,1.3343,1.33892,1.32776,1.33575
2013.06.14 00:00:00,1.33575,1.33722,1.32936,1.33416
2013.06.16 00:00:00,1.33416,1.33563,1.33292,1.33531
2013.06.17 00:00:00,1.33531,1.33803,1.33174,1.3361
2013.06.18 00:00:00,1.3361,1.34146,1.33248,1.33919
2013.06.19 00:00:00,1.33919,1.34156,1.32609,1.32806
2013.06.20 00:00:00,1.32806,1.32993,1.31602,1.32267
2013.06.21 00:00:00,1.32267,1.32531,1.30975,1.31187
2013.06.23 00:00:00,1.31187,1.31187,1.30777,1.31052
2013.06.24 00:00:00,1.31052,1.31428,1.30579,1.31337
2013.06.25 00:00:00,1.31337,1.31497,1.30638,1.30742
2013.06.26 00:00:00,1.30742,1.30862,1.29839,1.30151
2013.06.27 00:00:00,1.30151,1.30562,1.29992,1.3035
2013.06.28 00:00:00,1.3035,1.31022,1.29901,1.30092
2013.06.30 00:00:00,1.30092,1.30245,1.29983,1.30067
2013.07.01 00:00:00,1.30067,1.30699,1.30061,1.30667
2013.07.02 00:00:00,1.30667,1.30772,1.29623,1.29736
2013.07.03 00:00:00,1.29736,1.30317,1.29221,1.30196
2013.07.04 00:00:00,1.30196,1.30196,1.2882,1.28912
2013.07.05 00:00:00,1.28912,1.29044,1.28049,1.28287
2013.07.07 00:00:00,1.28287,1.28312,1.28067,1.28115
2013.07.08 00:00:00,1.28115,1.28808,1.28105,1.28597
2013.07.09 00:00:00,1.28597,1.2897,1.27541,1.27755
2013.07.10 00:00:00,1.27755,1.32056,1.27638,1.31152
2013.07.11 00:00:00,1.31152,1.31457,1.30046,1.30856
2013.07.12 00:00:00,1.30856,1.30988,1.2998,1.30657
2013.07.14 00:00:00,1.30657,1.30822,1.30504,1.30597
2013.07.15 00:00:00,1.30597,1.30779,1.29923,1.30567
2013.07.16 00:00:00,1.30567,1.31735,1.30475,1.31467
2013.07.17 00:00:00,1.31467,1.31772,1.3082,1.31152
2013.07.18 00:00:00,1.31152,1.31245,1.30652,1.31073
2013.07.19 00:00:00,1.31073,1.31534,1.30881,1.31343
2013.07.21 00:00:00,1.31343,1.31593,1.31256,1.3157
2013.07.22 00:00:00,1.3157,1.32172,1.3143,1.31898
2013.07.23 00:00:00,1.31898,1.32379,1.31624,1.32202
2013.07.24 00:00:00,1.32202,1.32552,1.31755,1.31893
2013.07.25 00:00:00,1.31893,1.32948,1.31646,1.32724
2013.07.26 00:00:00,1.32724,1.3296,1.32515,1.32762
2013.07.28 00:00:00,1.32762,1.32926,1.32709,1.32846
2013.07.29 00:00:00,1.32846,1.32942,1.32382,1.32621
2013.07.30 00:00:00,1.32621,1.33012,1.32333,1.32645
2013.07.31 00:00:00,1.32645,1.33436,1.32081,1.32994
2013.08.01 00:00:00,1.32994,1.331,1.31918,1.32104
2013.08.02 00:00:00,1.32104,1.3293,1.31867,1.32793
2013.08.04 00:00:00,1.32793,1.32863,1.3267,1.3276
2013.08.05 00:00:00,1.3276,1.32993,1.32316,1.32565
2013.08.06 00:00:00,1.32565,1.33221,1.3245,1.33062
2013.08.07 00:00:00,1.33062,1.33446,1.32647,1.33388
2013.08.08 00:00:00,1.33388,1.33997,1.33269,1.33781
2013.08.09 00:00:00,1.33781,1.33893,1.33315,1.33387
2013.08.11 00:00:00,1.33387,1.3343,1.33113,1.33373
2013.08.12 00:00:00,1.33373,1.33392,1.32762,1.32905
2013.08.13 00:00:00,1.32905,1.33164,1.32324,1.32639
2013.08.14 00:00:00,1.32639,1.32796,1.32379,1.32635
2013.08.15 00:00:00,1.32635,1.33622,1.32043,1.33494
2013.08.16 00:00:00,1.33494,1.33792,1.33099,1.33253
2013.08.18 00:00:00,1.33253,1.33412,1.3316,1.33279
2013.08.19 00:00:00,1.33279,1.33738,1.33142,1.33327
2013.08.20 00:00:00,1.33327,1.34509,1.33222,1.34195
2013.08.21 00:00:00,1.34195,1.34259,1.33341,1.334
2013.08.22 00:00:00,1.334,1.33721,1.32971,1.33544
2013.08.23 00:00:00,1.33544,1.34086,1.33322,1.33748
2013.08.25 00:00:00,1.33748,1.339,1.3371,1.33856
2013.08.26 00:00:00,1.33856,1.3393,1.33554,1.3377
2013.08.27 00:00:00,1.3377,1.33978,1.3321,1.33896
2013.08.28 00:00:00,1.33896,1.33967,1.3304,1.33335
2013.08.29 00:00:00,1.33335,1.3339,1.32181,1.32357
2013.08.30 00:00:00,1.32357,1.32538,1.31721,1.322
2013.09.01 00:00:00,1.322,1.32335,1.31956,1.32056
2013.09.02 00:00:00,1.32056,1.32262,1.31827,1.31881
2013.09.03 00:00:00,1.31881,1.31958,1.31373,1.31707
2013.09.04 00:00:00,1.31707,1.32168,1.31558,1.31983
2013.09.05 00:00:00,1.31983,1.32221,1.31093,1.31182
2013.09.06 00:00:00,1.31182,1.31886,1.31037,1.31755
2013.09.08 00:00:00,1.31755,1.31781,1.31524,1.31709
2013.09.09 00:00:00,1.31709,1.32797,1.31656,1.32545
2013.09.10 00:00:00,1.32545,1.32749,1.3229,1.32662
2013.09.11 00:00:00,1.32662,1.33236,1.32428,1.33123
2013.09.12 00:00:00,1.33123,1.33237,1.32552,1.32973
2013.09.13 00:00:00,1.32973,1.33208,1.32526,1.32979
2013.09.15 00:00:00,1.32979,1.3381,1.32873,1.33574
2013.09.16 00:00:00,1.33574,1.33845,1.3329,1.33343
2013.09.17 00:00:00,1.33343,1.33685,1.33241,1.33554
2013.09.18 00:00:00,1.33554,1.35408,1.3337,1.35224
2013.09.19 00:00:00,1.35224,1.35676,1.35083,1.35323
2013.09.20 00:00:00,1.35323,1.3548,1.34967,1.35253
2013.09.22 00:00:00,1.35253,1.3551,1.3523,1.35323
2013.09.23 00:00:00,1.35323,1.35436,1.34784,1.34956
2013.09.24 00:00:00,1.34956,1.35177,1.34635,1.34721
2013.09.25 00:00:00,1.34721,1.35363,1.34606,1.35163
2013.09.26 00:00:00,1.35163,1.35252,1.34711,1.34863
2013.09.27 00:00:00,1.34863,1.35635,1.34732,1.35195
2013.09.29 00:00:00,1.35195,1.35195,1.34649,1.34933
2013.09.30 00:00:00,1.34933,1.35552,1.34765,1.35224
2013.10.01 00:00:00,1.35224,1.35869,1.35154,1.35217
2013.10.02 00:00:00,1.35217,1.36064,1.35035,1.35887
2013.10.03 00:00:00,1.35887,1.36453,1.35794,1.36217
2013.10.04 00:00:00,1.36217,1.36308,1.35372,1.35521
2013.10.06 00:00:00,1.35521,1.35705,1.3546,1.35674
2013.10.07 00:00:00,1.35674,1.359,1.35415,1.35797
2013.10.08 00:00:00,1.35797,1.36061,1.35564,1.35977
2013.10.09 00:00:00,1.35977,1.35995,1.34846,1.35172
2013.10.10 00:00:00,1.35172,1.35458,1.34864,1.35252
2013.10.11 00:00:00,1.35252,1.35806,1.35183,1.35378
2013.10.13 00:00:00,1.35378,1.35638,1.35378,1.35541
2013.10.14 00:00:00,1.35541,1.35967,1.35443,1.35553
2013.10.15 00:00:00,1.35553,1.35699,1.34783,1.35196
2013.10.16 00:00:00,1.35196,1.35667,1.34717,1.35206
2013.10.17 00:00:00,1.35206,1.36808,1.35146,1.36673
2013.10.18 00:00:00,1.36673,1.37029,1.36582,1.36823
2013.10.20 00:00:00,1.36823,1.36877,1.36771,1.36801
2013.10.21 00:00:00,1.36801,1.36876,1.36501,1.3671
2013.10.22 00:00:00,1.3671,1.37913,1.36611,1.37771
2013.10.23 00:00:00,1.37771,1.37919,1.37403,1.37776
2013.10.24 00:00:00,1.37776,1.38241,1.37634,1.38006
2013.10.25 00:00:00,1.38006,1.38314,1.37733,1.38009
2013.10.27 00:00:00,1.38009,1.38098,1.37919,1.38035
2013.10.28 00:00:00,1.38035,1.38167,1.3774,1.37869
2013.10.29 00:00:00,1.37869,1.38123,1.37351,1.37414
2013.10.30 00:00:00,1.37414,1.37843,1.36945,1.37223
2013.10.31 00:00:00,1.37223,1.37376,1.35742,1.35778
2013.11.01 00:00:00,1.35778,1.35806,1.34789,1.34891
2013.11.03 00:00:00,1.34891,1.34959,1.34802,1.3491
2013.11.04 00:00:00,1.3491,1.35233,1.34407,1.35142
2013.11.05 00:00:00,1.35142,1.35212,1.34479,1.34709
2013.11.06 00:00:00,1.34709,1.35466,1.34666,1.35163
2013.11.07 00:00:00,1.35163,1.3528,1.3294,1.34076
2013.11.08 00:00:00,1.34076,1.34368,1.33166,1.3366
2013.11.10 00:00:00,1.3366,1.3366,1.33436,1.33454
2013.11.11 00:00:00,1.33454,1.34151,1.33454,1.34064
2013.11.12 00:00:00,1.34064,1.34552,1.33582,1.34365
2013.11.13 00:00:00,1.34365,1.34964,1.33891,1.34833
2013.11.14 00:00:00,1.34833,1.34931,1.34172,1.34447
2013.11.15 00:00:00,1.34447,1.35044,1.3431,1.34938
2013.11.17 00:00:00,1.34938,1.34973,1.34791,1.34811
2013.11.18 00:00:00,1.34811,1.3541,1.34733,1.35005
2013.11.19 00:00:00,1.35005,1.35788,1.34866,1.35631
2013.11.20 00:00:00,1.35631,1.35631,1.34142,1.34292
2013.11.21 00:00:00,1.34292,1.34854,1.33984,1.347
2013.11.22 00:00:00,1.347,1.35556,1.34612,1.35544
2013.11.24 00:00:00,1.35544,1.35589,1.35388,1.35502
2013.11.25 00:00:00,1.35502,1.35552,1.3489,1.35322
2013.11.26 00:00:00,1.35322,1.35738,1.352,1.35659
2013.11.27 00:00:00,1.35659,1.36119,1.35566,1.35719
2013.11.28 00:00:00,1.35719,1.36176,1.35626,1.36017
2013.11.29 00:00:00,1.36017,1.36205,1.35788,1.3591
2013.12.01 00:00:00,1.3591,1.35913,1.35762,1.35839
2013.12.02 00:00:00,1.35839,1.36147,1.35249,1.35409
2013.12.03 00:00:00,1.35409,1.36126,1.35232,1.35905
2013.12.04 00:00:00,1.35905,1.36043,1.35272,1.35844
2013.12.05 00:00:00,1.35844,1.36762,1.3542,1.36676
2013.12.06 00:00:00,1.36676,1.37052,1.3618,1.37012
2013.12.08 00:00:00,1.37012,1.37202,1.36967,1.37055
2013.12.09 00:00:00,1.37055,1.37448,1.36931,1.37358
2013.12.10 00:00:00,1.37358,1.37938,1.37332,1.37629
2013.12.11 00:00:00,1.37629,1.38096,1.37392,1.3784
2013.12.12 00:00:00,1.3784,1.38021,1.37363,1.37485
2013.12.13 00:00:00,1.37485,1.37681,1.37081,1.37415
2013.12.15 00:00:00,1.37415,1.37415,1.37234,1.37368
2013.12.16 00:00:00,1.37368,1.37977,1.37351,1.37596
2013.12.17 00:00:00,1.37596,1.37813,1.3722,1.37681
2013.12.18 00:00:00,1.37681,1.38107,1.36669,1.36814
2013.12.19 00:00:00,1.36814,1.36928,1.36483,1.36546
2013.12.20 00:00:00,1.36546,1.37082,1.36239,1.36663
2013.12.22 00:00:00,1.36663,1.36767,1.36636,1.36764
2013.12.23 00:00:00,1.36764,1.37158,1.36716,1.36961
2013.12.24 00:00:00,1.36961,1.3697,1.36538,1.36739
2013.12.26 00:00:00,1.36739,1.37009,1.36727,1.36934
2013.12.27 00:00:00,1.36934,1.38924,1.36913,1.37453
2013.12.29 00:00:00,1.37453,1.37689,1.37426,1.37501
2013.12.30 00:00:00,1.37501,1.3818,1.37271,1.38078
2013.12.31 00:00:00,1.38078,1.38114,1.37587,1.37769
2014.01.02 00:00:00,1.37769,1.37769,1.36284,1.36641
2014.01.03 00:00:00,1.36641,1.36707,1.35812,1.3588
2014.01.05 00:00:00,1.3588,1.35993,1.35865,1.35946
2014.01.06 00:00:00,1.35946,1.36521,1.35702,1.36286
2014.01.07 00:00:00,1.36286,1.36553,1.35953,1.3616
2014.01.08 00:00:00,1.3616,1.3634,1.35523,1.35702
2014.01.09 00:00:00,1.35702,1.36321,1.35469,1.36051
2014.01.10 00:00:00,1.36051,1.36863,1.35672,1.36661
2014.01.12 00:00:00,1.36661,1.36782,1.36635,1.36712
2014.01.13 00:00:00,1.36712,1.36837,1.36363,1.36676
2014.01.14 00:00:00,1.36676,1.36983,1.3648,1.3666
2014.01.15 00:00:00,1.3666,1.3672,1.35802,1.35984
2014.01.16 00:00:00,1.35984,1.36487,1.35821,1.36144
2014.01.17 00:00:00,1.36144,1.36199,1.35158,1.35353
2014.01.19 00:00:00,1.35353,1.35426,1.35238,1.35261
2014.01.20 00:00:00,1.35261,1.35671,1.35065,1.35446
2014.01.21 00:00:00,1.35446,1.3568,1.35152,1.35562
2014.01.22 00:00:00,1.35562,1.35828,1.35336,1.3543
2014.01.23 00:00:00,1.3543,1.36975,1.35292,1.3687
2014.01.24 00:00:00,1.3687,1.37383,1.36616,1.36703
2014.01.26 00:00:00,1.36703,1.36897,1.36685,1.36858
2014.01.27 00:00:00,1.36858,1.37155,1.36521,1.36732
2014.01.28 00:00:00,1.36732,1.36872,1.3628,1.36529
2014.01.29 00:00:00,1.36529,1.36837,1.36019,1.36561
2014.01.30 00:00:00,1.36561,1.36617,1.35422,1.35563
2014.01.31 00:00:00,1.35563,1.35724,1.34781,1.34876
2014.02.02 00:00:00,1.34876,1.34901,1.34771,1.34862
2014.02.03 00:00:00,1.34862,1.35344,1.3476,1.35214
2014.02.04 00:00:00,1.35214,1.35378,1.34922,1.35149
2014.02.05 00:00:00,1.35149,1.35545,1.34977,1.35327
2014.02.06 00:00:00,1.35327,1.36179,1.34809,1.35907
2014.02.07 00:00:00,1.35907,1.36428,1.35511,1.36314
2014.02.09 00:00:00,1.36314,1.36314,1.36079,1.36176
2014.02.10 00:00:00,1.36176,1.36506,1.36174,1.36442
2014.02.11 00:00:00,1.36442,1.36822,1.36283,1.36354
2014.02.12 00:00:00,1.36354,1.36515,1.35611,1.35866
2014.02.13 00:00:00,1.35866,1.36912,1.35844,1.36751
2014.02.14 00:00:00,1.36751,1.37138,1.36726,1.36899
2014.02.16 00:00:00,1.36899,1.37143,1.36899,1.37031
2014.02.17 00:00:00,1.37031,1.37232,1.36909,1.37028
2014.02.18 00:00:00,1.37028,1.37693,1.36935,1.37594
2014.02.19 00:00:00,1.37594,1.37722,1.37232,1.37282
2014.02.20 00:00:00,1.37282,1.37614,1.36845,1.37195
2014.02.21 00:00:00,1.37195,1.37576,1.37009,1.37354
2014.02.23 00:00:00,1.37354,1.37402,1.37233,1.37363
2014.02.24 00:00:00,1.37363,1.37704,1.37073,1.37335
2014.02.25 00:00:00,1.37335,1.3766,1.37143,1.37446
2014.02.26 00:00:00,1.37446,1.37562,1.36605,1.368
2014.02.27 00:00:00,1.368,1.37257,1.3642,1.37053
2014.02.28 00:00:00,1.37053,1.38238,1.36931,1.37984
2014.03.02 00:00:00,1.37984,1.37984,1.37508,1.3773
2014.03.03 00:00:00,1.3773,1.37916,1.37251,1.37343
2014.03.04 00:00:00,1.37343,1.37806,1.37197,1.37408
2014.03.05 00:00:00,1.37408,1.37483,1.37062,1.37304
2014.03.06 00:00:00,1.37304,1.38721,1.37193,1.38622
2014.03.07 00:00:00,1.38622,1.39141,1.38509,1.38774
2014.03.09 00:00:00,1.38774,1.38786,1.38631,1.38765
2014.03.10 00:00:00,1.38765,1.38966,1.38605,1.38748
2014.03.11 00:00:00,1.38748,1.38755,1.38326,1.38552
2014.03.12 00:00:00,1.38552,1.39133,1.38423,1.39012
2014.03.13 00:00:00,1.39012,1.39657,1.38446,1.3864
2014.03.14 00:00:00,1.3864,1.39365,1.38464,1.39044
2014.03.16 00:00:00,1.39044,1.39159,1.38874,1.39079
2014.03.17 00:00:00,1.39079,1.39466,1.38779,1.3924
2014.03.18 00:00:00,1.3924,1.3942,1.38787,1.3928
2014.03.19 00:00:00,1.3928,1.39316,1.38086,1.3817
2014.03.20 00:00:00,1.3817,1.38439,1.3748,1.37775
2014.03.21 00:00:00,1.37775,1.38097,1.37646,1.37854
2014.03.23 00:00:00,1.37854,1.38047,1.37854,1.37957
2014.03.24 00:00:00,1.37957,1.38749,1.37592,1.38351
2014.03.25 00:00:00,1.38351,1.38461,1.37479,1.38189
2014.03.26 00:00:00,1.38189,1.38222,1.37754,1.37845
2014.03.27 00:00:00,1.37845,1.37959,1.37274,1.37395
2014.03.28 00:00:00,1.37395,1.37721,1.37037,1.3751
2014.03.30 00:00:00,1.3751,1.37667,1.37439,1.3752
2014.03.31 00:00:00,1.3752,1.38079,1.37182,1.37728
2014.04.01 00:00:00,1.37728,1.38143,1.37681,1.37923
2014.04.02 00:00:00,1.37923,1.38193,1.37521,1.37655
2014.04.03 00:00:00,1.37655,1.38055,1.3697,1.37216
2014.04.04 00:00:00,1.37216,1.37302,1.36716,1.37011
2014.04.06 00:00:00,1.37011,1.37029,1.3689,1.37025
2014.04.07 00:00:00,1.37025,1.37475,1.36961,1.37409
2014.04.08 00:00:00,1.37409,1.38105,1.37361,1.37918
2014.04.09 00:00:00,1.37918,1.38611,1.37788,1.38513
2014.04.10 00:00:00,1.38513,1.38981,1.38348,1.38855
2014.04.11 00:00:00,1.38855,1.39048,1.38623,1.3883
2014.04.13 00:00:00,1.3883,1.3883,1.38292,1.38459
2014.04.14 00:00:00,1.38459,1.38619,1.38071,1.38144
2014.04.15 00:00:00,1.38144,1.38323,1.37889,1.38098
2014.04.16 00:00:00,1.38098,1.38504,1.38026,1.38227
2014.04.17 00:00:00,1.38227,1.38637,1.38095,1.38096
2014.04.18 00:00:00,1.38096,1.38212,1.38017,1.38048
2014.04.20 00:00:00,1.38048,1.38162,1.38015,1.38131
2014.04.21 00:00:00,1.38131,1.38293,1.37859,1.37905
2014.04.22 00:00:00,1.37905,1.38237,1.37839,1.38058
2014.04.23 00:00:00,1.38058,1.38536,1.37992,1.38159
2014.04.24 00:00:00,1.38159,1.38422,1.37903,1.38293
2014.04.25 00:00:00,1.38293,1.38472,1.38258,1.38327
2014.04.27 00:00:00,1.38327,1.38447,1.3829,1.38378
2014.04.28 00:00:00,1.38378,1.38784,1.38136,1.38507
2014.04.29 00:00:00,1.38507,1.38781,1.38045,1.38117
2014.04.30 00:00:00,1.38117,1.38756,1.37705,1.3867
2014.05.01 00:00:00,1.3867,1.3888,1.38617,1.38688
2014.05.02 00:00:00,1.38688,1.38806,1.3811,1.38713
2014.05.04 00:00:00,1.38713,1.38863,1.38684,1.38706
2014.05.05 00:00:00,1.38706,1.3885,1.38634,1.38735
2014.05.06 00:00:00,1.38735,1.39503,1.3871,1.39281
2014.05.07 00:00:00,1.39281,1.39375,1.3908,1.39093
2014.05.08 00:00:00,1.39093,1.39927,1.38319,1.38416
2014.05.09 00:00:00,1.38416,1.38425,1.37436,1.37599
2014.05.11 00:00:00,1.37599,1.376,1.37446,1.37593
2014.05.12 00:00:00,1.37593,1.37738,1.37483,1.37544
2014.05.13 00:00:00,1.37544,1.37704,1.36879,1.37067
2014.05.14 00:00:00,1.37067,1.37297,1.36969,1.37165
2014.05.15 00:00:00,1.37165,1.37314,1.36472,1.37158
2014.05.16 00:00:00,1.37158,1.37259,1.36843,1.36925
2014.05.18 00:00:00,1.36925,1.37018,1.36849,1.37018
2014.05.19 00:00:00,1.37018,1.37331,1.36973,1.37112
2014.05.20 00:00:00,1.37112,1.37127,1.36768,1.37023
2014.05.21 00:00:00,1.37023,1.37224,1.36332,1.36808
2014.05.22 00:00:00,1.36808,1.3686,1.36442,1.3652
2014.05.23 00:00:00,1.3652,1.36523,1.36146,1.3628
2014.05.25 00:00:00,1.3628,1.3639,1.36115,1.36266
2014.05.26 00:00:00,1.36266,1.36533,1.36144,1.36509
2014.05.27 00:00:00,1.36509,1.36675,1.36114,1.36324
2014.05.28 00:00:00,1.36324,1.36367,1.35874,1.35908
2014.05.29 00:00:00,1.35908,1.36246,1.3585,1.36015
2014.05.30 00:00:00,1.36015,1.3649,1.35974,1.36301
2014.06.01 00:00:00,1.36301,1.36414,1.36206,1.36276
2014.06.02 00:00:00,1.36276,1.3635,1.35869,1.35952
2014.06.03 00:00:00,1.35952,1.36469,1.3585,1.36199
2014.06.04 00:00:00,1.36199,1.3638,1.35954,1.36013
2014.06.05 00:00:00,1.36013,1.36688,1.35018,1.36593
2014.06.06 00:00:00,1.36593,1.3676,1.36199,1.364
2014.06.08 00:00:00,1.364,1.36472,1.36352,1.36466
2014.06.09 00:00:00,1.36466,1.36679,1.35813,1.35913
2014.06.10 00:00:00,1.35913,1.36007,1.35324,1.35381
2014.06.11 00:00:00,1.35381,1.3556,1.35204,1.35345
2014.06.12 00:00:00,1.35345,1.35709,1.35113,1.35495
2014.06.13 00:00:00,1.35495,1.3578,1.35198,1.35395
2014.06.15 00:00:00,1.35395,1.3543,1.35299,1.35348
2014.06.16 00:00:00,1.35348,1.35786,1.35119,1.35745
2014.06.17 00:00:00,1.35745,1.3586,1.35353,1.35476
2014.06.18 00:00:00,1.35476,1.35984,1.35407,1.35883
2014.06.19 00:00:00,1.35883,1.36423,1.35836,1.3609
2014.06.20 00:00:00,1.3609,1.36329,1.35632,1.35965
2014.06.22 00:00:00,1.35965,1.35965,1.35788,1.35899
2014.06.23 00:00:00,1.35899,1.36124,1.3573,1.35989
2014.06.24 00:00:00,1.35989,1.36267,1.35824,1.36048
2014.06.25 00:00:00,1.36048,1.36502,1.35995,1.36268
2014.06.26 00:00:00,1.36268,1.36403,1.35746,1.36102
2014.06.27 00:00:00,1.36102,1.36501,1.36088,1.36467
2014.06.29 00:00:00,1.36467,1.36469,1.36375,1.36423
2014.06.30 00:00:00,1.36423,1.36967,1.36392,1.36904
2014.07.01 00:00:00,1.36904,1.36995,1.36744,1.36791
2014.07.02 00:00:00,1.36791,1.36801,1.36396,1.36519
2014.07.03 00:00:00,1.36519,1.36632,1.3595,1.36076
2014.07.04 00:00:00,1.36076,1.361,1.35844,1.35921
2014.07.06 00:00:00,1.35921,1.35984,1.35828,1.35869
2014.07.07 00:00:00,1.35869,1.36081,1.35748,1.36046
2014.07.08 00:00:00,1.36046,1.36162,1.3587,1.36157
2014.07.09 00:00:00,1.36157,1.36474,1.36013,1.36422
2014.07.10 00:00:00,1.36422,1.36496,1.3588,1.3603
2014.07.11 00:00:00,1.3603,1.36237,1.35906,1.36064
2014.07.13 00:00:00,1.36064,1.36066,1.35945,1.3601
2014.07.14 00:00:00,1.3601,1.36392,1.35963,1.36206
2014.07.15 00:00:00,1.36206,1.3627,1.35608,1.35694
2014.07.16 00:00:00,1.35694,1.35702,1.35198,1.35269
2014.07.17 00:00:00,1.35269,1.35393,1.35114,1.35176
2014.07.18 00:00:00,1.35176,1.35348,1.34897,1.35216
2014.07.20 00:00:00,1.35216,1.35309,1.35216,1.35293
2014.07.21 00:00:00,1.35293,1.35479,1.35119,1.35209
2014.07.22 00:00:00,1.35209,1.35286,1.34576,1.34656
2014.07.23 00:00:00,1.34656,1.34731,1.34538,1.34601
2014.07.24 00:00:00,1.34601,1.34839,1.34367,1.34641
2014.07.25 00:00:00,1.34641,1.34745,1.342,1.3429
2014.07.27 00:00:00,1.3429,1.34342,1.34243,1.34276
2014.07.28 00:00:00,1.34276,1.34428,1.34258,1.34361
2014.07.29 00:00:00,1.34361,1.34433,1.34031,1.34087
2014.07.30 00:00:00,1.34087,1.34142,1.33658,1.33935
2014.07.31 00:00:00,1.33935,1.33994,1.33705,1.33878
2014.08.01 00:00:00,1.33878,1.34437,1.33774,1.34268
2014.08.03 00:00:00,1.34268,1.34314,1.34191,1.34268
2014.08.04 00:00:00,1.34268,1.343,1.34084,1.34205
2014.08.05 00:00:00,1.34205,1.34237,1.33571,1.33703
2014.08.06 00:00:00,1.33703,1.33867,1.3332,1.33785
2014.08.07 00:00:00,1.33785,1.33927,1.3336,1.33561
2014.08.08 00:00:00,1.33561,1.34315,1.33424,1.34078
2014.08.10 00:00:00,1.34078,1.34095,1.33961,1.34031
2014.08.11 00:00:00,1.34031,1.34075,1.33794,1.33811
2014.08.12 00:00:00,1.33811,1.3382,1.33348,1.33637
2014.08.13 00:00:00,1.33637,1.34142,1.33411,1.33647
2014.08.14 00:00:00,1.33647,1.34066,1.33474,1.33601
2014.08.15 00:00:00,1.33601,1.34107,1.33577,1.3397
2014.08.17 00:00:00,1.3397,1.3397,1.33788,1.33884
2014.08.18 00:00:00,1.33884,1.3398,1.33518,1.3359
2014.08.19 00:00:00,1.3359,1.33596,1.33119,1.33191
2014.08.20 00:00:00,1.33191,1.33205,1.32541,1.32579
2014.08.21 00:00:00,1.32579,1.32874,1.32409,1.32774
2014.08.22 00:00:00,1.32774,1.32955,1.32196,1.32383
2014.08.24 00:00:00,1.32383,1.32383,1.31812,1.3196
2014.08.25 00:00:00,1.3196,1.32093,1.31778,1.3185
2014.08.26 00:00:00,1.3185,1.32136,1.31636,1.31684
2014.08.27 00:00:00,1.31684,1.32088,1.31515,1.31908
2014.08.28 00:00:00,1.31908,1.32197,1.31585,1.3183
2014.08.29 00:00:00,1.3183,1.3195,1.31304,1.31307
2014.08.31 00:00:00,1.31307,1.31353,1.31235,1.31258
2014.09.01 00:00:00,1.31258,1.31445,1.3118,1.31301
2014.09.02 00:00:00,1.31301,1.31357,1.31091,1.31301
2014.09.03 00:00:00,1.31301,1.31589,1.3121,1.3147
2014.09.04 00:00:00,1.3147,1.31529,1.29189,1.29287
2014.09.05 00:00:00,1.29287,1.29885,1.29238,1.29498
2014.09.07 00:00:00,1.29498,1.29596,1.29279,1.29508
2014.09.08 00:00:00,1.29508,1.2958,1.28803,1.28901
2014.09.09 00:00:00,1.28901,1.29563,1.28583,1.294
2014.09.10 00:00:00,1.294,1.29617,1.28826,1.29158
2014.09.11 00:00:00,1.29158,1.29507,1.28961,1.29213
2014.09.12 00:00:00,1.29213,1.29783,1.29077,1.29568
2014.09.14 00:00:00,1.29568,1.29782,1.29568,1.29584
2014.09.15 00:00:00,1.29584,1.29681,1.29074,1.29373
2014.09.16 00:00:00,1.29373,1.29941,1.29211,1.29568
2014.09.17 00:00:00,1.29568,1.29803,1.28331,1.28476
2014.09.18 00:00:00,1.28476,1.29292,1.28474,1.29193
2014.09.19 00:00:00,1.29193,1.29278,1.28234,1.28234
2014.09.21 00:00:00,1.28234,1.28432,1.2822,1.28387
2014.09.22 00:00:00,1.28387,1.28667,1.28152,1.28491
2014.09.23 00:00:00,1.28491,1.29001,1.28383,1.28478
2014.09.24 00:00:00,1.28478,1.28629,1.27731,1.27757
2014.09.25 00:00:00,1.27757,1.27822,1.26953,1.2754
2014.09.26 00:00:00,1.2754,1.27588,1.26757,1.26798
2014.09.28 00:00:00,1.26798,1.26972,1.26653,1.26742
2014.09.29 00:00:00,1.26742,1.27137,1.26625,1.26889
2014.09.30 00:00:00,1.26889,1.27012,1.25699,1.26271
2014.10.01 00:00:00,1.26271,1.26385,1.25824,1.26204
2014.10.02 00:00:00,1.26204,1.26979,1.26127,1.26668
2014.10.03 00:00:00,1.26668,1.26678,1.24996,1.25122
2014.10.05 00:00:00,1.25122,1.25142,1.25045,1.25115
2014.10.06 00:00:00,1.25115,1.26734,1.2511,1.26421
2014.10.07 00:00:00,1.26421,1.26821,1.25824,1.26636
2014.10.08 00:00:00,1.26636,1.27537,1.26213,1.27395
2014.10.09 00:00:00,1.27395,1.27903,1.26626,1.2687
2014.10.10 00:00:00,1.2687,1.27148,1.26043,1.26262
2014.10.12 00:00:00,1.26262,1.26504,1.26194,1.26385
2014.10.13 00:00:00,1.26385,1.27672,1.26326,1.27205
2014.10.14 00:00:00,1.27205,1.27303,1.26305,1.26401
2014.10.15 00:00:00,1.26401,1.28861,1.26236,1.28192
2014.10.16 00:00:00,1.28192,1.28436,1.27044,1.28032
2014.10.17 00:00:00,1.28032,1.28357,1.27427,1.27579
2014.10.19 00:00:00,1.27579,1.27618,1.27353,1.27462
2014.10.20 00:00:00,1.27462,1.28156,1.27301,1.27933
2014.10.21 00:00:00,1.27933,1.28393,1.27052,1.27125
2014.10.22 00:00:00,1.27125,1.27387,1.2636,1.26404
2014.10.23 00:00:00,1.26404,1.26755,1.26125,1.26482
2014.10.24 00:00:00,1.26482,1.26946,1.26338,1.26682
2014.10.26 00:00:00,1.26682,1.26943,1.26682,1.26749
2014.10.27 00:00:00,1.26749,1.27225,1.26646,1.27012
2014.10.28 00:00:00,1.27012,1.27638,1.26835,1.2736
2014.10.29 00:00:00,1.2736,1.27696,1.26254,1.26304
2014.10.30 00:00:00,1.26304,1.26318,1.25459,1.26079
2014.10.31 00:00:00,1.26079,1.2608,1.24845,1.25184
2014.11.02 00:00:00,1.25184,1.25184,1.24975,1.25008
2014.11.03 00:00:00,1.25008,1.25102,1.24378,1.24911
2014.11.04 00:00:00,1.24911,1.25763,1.24889,1.25505
2014.11.05 00:00:00,1.25505,1.25661,1.2456,1.24764
2014.11.06 00:00:00,1.24764,1.25323,1.23636,1.2379
2014.11.07 00:00:00,1.2379,1.24687,1.23567,1.2452
2014.11.09 00:00:00,1.2452,1.24848,1.2452,1.24591
2014.11.10 00:00:00,1.24591,1.25081,1.24089,1.24248
2014.11.11 00:00:00,1.24248,1.24985,1.23931,1.24745
2014.11.12 00:00:00,1.24745,1.24967,1.24179,1.24286
2014.11.13 00:00:00,1.24286,1.24907,1.24264,1.24725
2014.11.14 00:00:00,1.24725,1.25453,1.23973,1.25207
2014.11.16 00:00:00,1.25207,1.25363,1.25122,1.252
2014.11.17 00:00:00,1.252,1.25765,1.24422,1.24489
2014.11.18 00:00:00,1.24489,1.25441,1.2448,1.2531
2014.11.19 00:00:00,1.2531,1.25993,1.2511,1.25396
2014.11.20 00:00:00,1.25396,1.25742,1.25031,1.25419
2014.11.21 00:00:00,1.25419,1.25671,1.23737,1.23863
2014.11.23 00:00:00,1.23863,1.23863,1.23581,1.23706
2014.11.24 00:00:00,1.23706,1.24436,1.23706,1.24326
2014.11.25 00:00:00,1.24326,1.24861,1.24009,1.24784
2014.11.26 00:00:00,1.24784,1.25307,1.24425,1.25031
2014.11.27 00:00:00,1.25031,1.25224,1.24547,1.24584
2014.11.28 00:00:00,1.24584,1.24892,1.24252,1.24489
2014.11.30 00:00:00,1.24489,1.24722,1.24306,1.24355
2014.12.01 00:00:00,1.24355,1.25056,1.2418,1.24689
2014.12.02 00:00:00,1.24689,1.2475,1.23756,1.23865
2014.12.03 00:00:00,1.23865,1.23895,1.23,1.2313
2014.12.04 00:00:00,1.2313,1.24552,1.22754,1.23845
2014.12.05 00:00:00,1.23845,1.23918,1.22696,1.22849
2014.12.07 00:00:00,1.22849,1.23017,1.22756,1.22926
2014.12.08 00:00:00,1.22926,1.23428,1.2246,1.23135
2014.12.09 00:00:00,1.23135,1.24469,1.22909,1.23868
2014.12.10 00:00:00,1.23868,1.24857,1.2361,1.24791
2014.12.11 00:00:00,1.24791,1.2494,1.23689,1.23921
2014.12.12 00:00:00,1.23921,1.24842,1.23832,1.24594
2014.12.14 00:00:00,1.24594,1.24832,1.24555,1.24627
2014.12.15 00:00:00,1.24627,1.2478,1.24134,1.24391
2014.12.16 00:00:00,1.24391,1.25686,1.24344,1.25097
2014.12.17 00:00:00,1.25097,1.25148,1.23191,1.23355
2014.12.18 00:00:00,1.23355,1.23519,1.22646,1.22871
2014.12.19 00:00:00,1.22871,1.23012,1.22188,1.22286
2014.12.21 00:00:00,1.22286,1.22286,1.22153,1.22235
2014.12.22 00:00:00,1.22235,1.22714,1.22155,1.22221
2014.12.23 00:00:00,1.22221,1.22445,1.21635,1.21739
2014.12.24 00:00:00,1.21739,1.2219,1.21683,1.22001
2014.12.26 00:00:00,1.22001,1.22197,1.21671,1.21767
2014.12.28 00:00:00,1.21767,1.21859,1.2166,1.21672
2014.12.29 00:00:00,1.21672,1.22199,1.21416,1.21521
2014.12.30 00:00:00,1.21521,1.21863,1.21225,1.21598
2014.12.31 00:00:00,1.21598,1.21686,1.20962,1.20981
2015.01.02 00:00:00,1.20981,1.20981,1.1997,1.19984
2015.01.04 00:00:00,1.19984,1.20044,1.18616,1.19457
2015.01.05 00:00:00,1.19457,1.19751,1.1886,1.19364
2015.01.06 00:00:00,1.19364,1.19676,1.18395,1.18712
2015.01.07 00:00:00,1.18712,1.18954,1.18009,1.18325
2015.01.08 00:00:00,1.18325,1.18463,1.1753,1.17909
2015.01.09 00:00:00,1.17909,1.1845,1.17613,1.184
2015.01.11 00:00:00,1.184,1.18689,1.1836,1.18686
2015.01.12 00:00:00,1.18686,1.18698,1.17849,1.18309
2015.01.13 00:00:00,1.18309,1.18584,1.17518,1.17758
2015.01.14 00:00:00,1.17758,1.18453,1.17262,1.17829
2015.01.15 00:00:00,1.17829,1.17898,1.15656,1.16352
2015.01.16 00:00:00,1.16352,1.16476,1.14582,1.1557
2015.01.18 00:00:00,1.1557,1.15723,1.15422,1.15599
2015.01.19 00:00:00,1.15599,1.16378,1.15501,1.15936
2015.01.20 00:00:00,1.15936,1.16138,1.15392,1.15444
2015.01.21 00:00:00,1.15444,1.16785,1.15402,1.16134
2015.01.22 00:00:00,1.16134,1.16499,1.13148,1.13454
2015.01.23 00:00:00,1.13454,1.13728,1.11131,1.12031
2015.01.25 00:00:00,1.12031,1.12031,1.1096,1.11406
2015.01.26 00:00:00,1.11406,1.12942,1.11367,1.12486
2015.01.27 00:00:00,1.12486,1.14214,1.12225,1.13666
2015.01.28 00:00:00,1.13666,1.13812,1.12709,1.12818
2015.01.29 00:00:00,1.12818,1.13668,1.12606,1.13326
2015.01.30 00:00:00,1.13326,1.13627,1.12739,1.1276
2015.02.01 00:00:00,1.1276,1.13272,1.1276,1.13062
2015.02.02 00:00:00,1.13062,1.1361,1.12912,1.13375
2015.02.03 00:00:00,1.13375,1.15327,1.13112,1.14555
2015.02.04 00:00:00,1.14555,1.14836,1.13028,1.13154
2015.02.05 00:00:00,1.13154,1.14977,1.13148,1.14696
2015.02.06 00:00:00,1.14696,1.14726,1.13101,1.13129
2015.02.08 00:00:00,1.13129,1.13246,1.12849,1.13124
2015.02.09 00:00:00,1.13124,1.13583,1.12691,1.13232
2015.02.10 00:00:00,1.13232,1.13442,1.12718,1.13174
2015.02.11 00:00:00,1.13174,1.13509,1.12786,1.13097
2015.02.12 00:00:00,1.13097,1.1422,1.13025,1.14026
2015.02.13 00:00:00,1.14026,1.1442,1.13789,1.13819
2015.02.15 00:00:00,1.13819,1.14235,1.13819,1.13964
2015.02.16 00:00:00,1.13964,1.14278,1.13182,1.13313
2015.02.17 00:00:00,1.13313,1.14479,1.13209,1.1403
2015.02.18 00:00:00,1.1403,1.1415,1.13327,1.13983
2015.02.19 00:00:00,1.13983,1.14491,1.1354,1.13645
2015.02.20 00:00:00,1.13645,1.14287,1.12778,1.13767
2015.02.22 00:00:00,1.13767,1.14108,1.13765,1.13792
2015.02.23 00:00:00,1.13792,1.13921,1.12938,1.13327
2015.02.24 00:00:00,1.13327,1.1357,1.1287,1.13382
2015.02.25 00:00:00,1.13382,1.13876,1.13346,1.13627
2015.02.26 00:00:00,1.13627,1.13785,1.11825,1.12013
2015.02.27 00:00:00,1.12013,1.1244,1.11746,1.11894
2015.03.01 00:00:00,1.11894,1.11894,1.11589,1.11596
2015.03.02 00:00:00,1.11596,1.12394,1.11596,1.11754
2015.03.03 00:00:00,1.11754,1.12164,1.11534,1.11816
2015.03.04 00:00:00,1.11816,1.11844,1.10604,1.1078
2015.03.05 00:00:00,1.1078,1.11134,1.09862,1.10306
2015.03.06 00:00:00,1.10306,1.10314,1.0836,1.08376
2015.03.08 00:00:00,1.08376,1.08452,1.08215,1.08436
2015.03.09 00:00:00,1.08436,1.09054,1.08284,1.08336
2015.03.10 00:00:00,1.08336,1.0836,1.06665,1.07056
2015.03.11 00:00:00,1.07056,1.07158,1.05099,1.05466
2015.03.12 00:00:00,1.05466,1.06826,1.04929,1.06253
2015.03.13 00:00:00,1.06253,1.06336,1.04613,1.04878
2015.03.15 00:00:00,1.04878,1.05046,1.04564,1.04826
2015.03.16 00:00:00,1.04826,1.06183,1.04821,1.05706
2015.03.17 00:00:00,1.05706,1.06497,1.05502,1.05938
2015.03.18 00:00:00,1.05938,1.10398,1.05788,1.08475
2015.03.19 00:00:00,1.08475,1.09182,1.06117,1.06678
2015.03.20 00:00:00,1.06678,1.08813,1.06544,1.08137
2015.03.22 00:00:00,1.08137,1.08817,1.08137,1.0824
2015.03.23 00:00:00,1.0824,1.09701,1.07662,1.09432
2015.03.24 00:00:00,1.09432,1.10281,1.08894,1.09035
2015.03.25 00:00:00,1.09035,1.10133,1.0903,1.09619
2015.03.26 00:00:00,1.09619,1.10511,1.08552,1.08837
2015.03.27 00:00:00,1.08837,1.09478,1.08001,1.08848
2015.03.29 00:00:00,1.08848,1.08938,1.08791,1.08817
2015.03.30 00:00:00,1.08817,1.08831,1.08088,1.08119
